timestamp_us	,x	,y	,z	,type
1786611600000000,0.100000,-9.800000,0.200000,accel
1786611600000000,0.001000,0.002000,0.003000,gyro
1786611600002000,0.100000,-9.800000,0.200000,accel
1786611600002000,0.001000,0.002000,0.003000,gyro
1786611600004000,0.100000,-9.800000,0.200000,accel
1786611600004000,0.001000,0.002000,0.003000,gyro
1786611600006000,0.100000,-9.800000,0.200000,accel
1786611600006000,0.001000,0.002000,0.003000,gyro
1786611600008000,0.100000,-9.800000,0.200000,accel
1786611600008000,0.001000,0.002000,0.003000,gyro
1786611600010000,0.100000,-9.800000,0.200000,accel
1786611600010000,0.001000,0.002000,0.003000,gyro
1786611600012000,0.100000,-9.800000,0.200000,accel
1786611600012000,0.001000,0.002000,0.003000,gyro
1786611600014000,0.100000,-9.800000,0.200000,accel
1786611600014000,0.001000,0.002000,0.003000,gyro
1786611600016000,0.100000,-9.800000,0.200000,accel
1786611600016000,0.001000,0.002000,0.003000,gyro
1786611600018000,0.100000,-9.800000,0.200000,accel
1786611600018000,0.001000,0.002000,0.003000,gyro
1786611600020000,0.100000,-9.800000,0.200000,accel
1786611600020000,0.001000,0.002000,0.003000,gyro
1786611600022000,0.100000,-9.800000,0.200000,accel
1786611600022000,0.001000,0.002000,0.003000,gyro
1786611600024000,0.100000,-9.800000,0.200000,accel
1786611600024000,0.001000,0.002000,0.003000,gyro
1786611600026000,0.100000,-9.800000,0.200000,accel
1786611600026000,0.001000,0.002000,0.003000,gyro
1786611600028000,0.100000,-9.800000,0.200000,accel
1786611600028000,0.001000,0.002000,0.003000,gyro
1786611600030000,0.100000,-9.800000,0.200000,accel
1786611600030000,0.001000,0.002000,0.003000,gyro
1786611600032000,0.100000,-9.800000,0.200000,accel
1786611600032000,0.001000,0.002000,0.003000,gyro
1786611600034000,0.100000,-9.800000,0.200000,accel
1786611600034000,0.001000,0.002000,0.003000,gyro
1786611600036000,0.100000,-9.800000,0.200000,accel
1786611600036000,0.001000,0.002000,0.003000,gyro
1786611600038000,0.100000,-9.800000,0.200000,accel
1786611600038000,0.001000,0.002000,0.003000,gyro
1786611600040000,0.100000,-9.800000,0.200000,accel
1786611600040000,0.001000,0.002000,0.003000,gyro
1786611600042000,0.100000,-9.800000,0.200000,accel
1786611600042000,0.001000,0.002000,0.003000,gyro
1786611600044000,0.100000,-9.800000,0.200000,accel
1786611600044000,0.001000,0.002000,0.003000,gyro
1786611600046000,0.100000,-9.800000,0.200000,accel
1786611600046000,0.001000,0.002000,0.003000,gyro
1786611600048000,0.100000,-9.800000,0.200000,accel
1786611600048000,0.001000,0.002000,0.003000,gyro
1786611600050000,0.100000,-9.800000,0.200000,accel
1786611600050000,0.001000,0.002000,0.003000,gyro
1786611600052000,0.100000,-9.800000,0.200000,accel
1786611600052000,0.001000,0.002000,0.003000,gyro
1786611600054000,0.100000,-9.800000,0.200000,accel
1786611600054000,0.001000,0.002000,0.003000,gyro
1786611600056000,0.100000,-9.800000,0.200000,accel
1786611600056000,0.001000,0.002000,0.003000,gyro
1786611600058000,0.100000,-9.800000,0.200000,accel
1786611600058000,0.001000,0.002000,0.003000,gyro
1786611600060000,0.100000,-9.800000,0.200000,accel
1786611600060000,0.001000,0.002000,0.003000,gyro
1786611600062000,0.100000,-9.800000,0.200000,accel
1786611600062000,0.001000,0.002000,0.003000,gyro
1786611600064000,0.100000,-9.800000,0.200000,accel
1786611600064000,0.001000,0.002000,0.003000,gyro
1786611600066000,0.100000,-9.800000,0.200000,accel
1786611600066000,0.001000,0.002000,0.003000,gyro
1786611600068000,0.100000,-9.800000,0.200000,accel
1786611600068000,0.001000,0.002000,0.003000,gyro
1786611600070000,0.100000,-9.800000,0.200000,accel
1786611600070000,0.001000,0.002000,0.003000,gyro
1786611600072000,0.100000,-9.800000,0.200000,accel
1786611600072000,0.001000,0.002000,0.003000,gyro
1786611600074000,0.100000,-9.800000,0.200000,accel
1786611600074000,0.001000,0.002000,0.003000,gyro
1786611600076000,0.100000,-9.800000,0.200000,accel
1786611600076000,0.001000,0.002000,0.003000,gyro
1786611600078000,0.100000,-9.800000,0.200000,accel
1786611600078000,0.001000,0.002000,0.003000,gyro
1786611600080000,0.100000,-9.800000,0.200000,accel
1786611600080000,0.001000,0.002000,0.003000,gyro
1786611600082000,0.100000,-9.800000,0.200000,accel
1786611600082000,0.001000,0.002000,0.003000,gyro
1786611600084000,0.100000,-9.800000,0.200000,accel
1786611600084000,0.001000,0.002000,0.003000,gyro
1786611600086000,0.100000,-9.800000,0.200000,accel
1786611600086000,0.001000,0.002000,0.003000,gyro
1786611600088000,0.100000,-9.800000,0.200000,accel
1786611600088000,0.001000,0.002000,0.003000,gyro
1786611600090000,0.100000,-9.800000,0.200000,accel
1786611600090000,0.001000,0.002000,0.003000,gyro
1786611600092000,0.100000,-9.800000,0.200000,accel
1786611600092000,0.001000,0.002000,0.003000,gyro
1786611600094000,0.100000,-9.800000,0.200000,accel
1786611600094000,0.001000,0.002000,0.003000,gyro
1786611600096000,0.100000,-9.800000,0.200000,accel
1786611600096000,0.001000,0.002000,0.003000,gyro
1786611600098000,0.100000,-9.800000,0.200000,accel
1786611600098000,0.001000,0.002000,0.003000,gyro
1786611600100000,0.100000,-9.800000,0.200000,accel
1786611600100000,0.001000,0.002000,0.003000,gyro
1786611600102000,0.100000,-9.800000,0.200000,accel
1786611600102000,0.001000,0.002000,0.003000,gyro
1786611600104000,0.100000,-9.800000,0.200000,accel
1786611600104000,0.001000,0.002000,0.003000,gyro
1786611600106000,0.100000,-9.800000,0.200000,accel
1786611600106000,0.001000,0.002000,0.003000,gyro
1786611600108000,0.100000,-9.800000,0.200000,accel
1786611600108000,0.001000,0.002000,0.003000,gyro
1786611600110000,0.100000,-9.800000,0.200000,accel
1786611600110000,0.001000,0.002000,0.003000,gyro
1786611600112000,0.100000,-9.800000,0.200000,accel
1786611600112000,0.001000,0.002000,0.003000,gyro
1786611600114000,0.100000,-9.800000,0.200000,accel
1786611600114000,0.001000,0.002000,0.003000,gyro
1786611600116000,0.100000,-9.800000,0.200000,accel
1786611600116000,0.001000,0.002000,0.003000,gyro
1786611600118000,0.100000,-9.800000,0.200000,accel
1786611600118000,0.001000,0.002000,0.003000,gyro
1786611600120000,0.100000,-9.800000,0.200000,accel
1786611600120000,0.001000,0.002000,0.003000,gyro
1786611600122000,0.100000,-9.800000,0.200000,accel
1786611600122000,0.001000,0.002000,0.003000,gyro
1786611600124000,0.100000,-9.800000,0.200000,accel
1786611600124000,0.001000,0.002000,0.003000,gyro
1786611600126000,0.100000,-9.800000,0.200000,accel
1786611600126000,0.001000,0.002000,0.003000,gyro
1786611600128000,0.100000,-9.800000,0.200000,accel
1786611600128000,0.001000,0.002000,0.003000,gyro
1786611600130000,0.100000,-9.800000,0.200000,accel
1786611600130000,0.001000,0.002000,0.003000,gyro
1786611600132000,0.100000,-9.800000,0.200000,accel
1786611600132000,0.001000,0.002000,0.003000,gyro
1786611600134000,0.100000,-9.800000,0.200000,accel
1786611600134000,0.001000,0.002000,0.003000,gyro
1786611600136000,0.100000,-9.800000,0.200000,accel
1786611600136000,0.001000,0.002000,0.003000,gyro
1786611600138000,0.100000,-9.800000,0.200000,accel
1786611600138000,0.001000,0.002000,0.003000,gyro
1786611600140000,0.100000,-9.800000,0.200000,accel
1786611600140000,0.001000,0.002000,0.003000,gyro
1786611600142000,0.100000,-9.800000,0.200000,accel
1786611600142000,0.001000,0.002000,0.003000,gyro
1786611600144000,0.100000,-9.800000,0.200000,accel
1786611600144000,0.001000,0.002000,0.003000,gyro
1786611600146000,0.100000,-9.800000,0.200000,accel
1786611600146000,0.001000,0.002000,0.003000,gyro
1786611600148000,0.100000,-9.800000,0.200000,accel
1786611600148000,0.001000,0.002000,0.003000,gyro
1786611600150000,0.100000,-9.800000,0.200000,accel
1786611600150000,0.001000,0.002000,0.003000,gyro
1786611600152000,0.100000,-9.800000,0.200000,accel
1786611600152000,0.001000,0.002000,0.003000,gyro
1786611600154000,0.100000,-9.800000,0.200000,accel
1786611600154000,0.001000,0.002000,0.003000,gyro
1786611600156000,0.100000,-9.800000,0.200000,accel
1786611600156000,0.001000,0.002000,0.003000,gyro
1786611600158000,0.100000,-9.800000,0.200000,accel
1786611600158000,0.001000,0.002000,0.003000,gyro
1786611600160000,0.100000,-9.800000,0.200000,accel
1786611600160000,0.001000,0.002000,0.003000,gyro
1786611600162000,0.100000,-9.800000,0.200000,accel
1786611600162000,0.001000,0.002000,0.003000,gyro
1786611600164000,0.100000,-9.800000,0.200000,accel
1786611600164000,0.001000,0.002000,0.003000,gyro
1786611600166000,0.100000,-9.800000,0.200000,accel
1786611600166000,0.001000,0.002000,0.003000,gyro
1786611600168000,0.100000,-9.800000,0.200000,accel
1786611600168000,0.001000,0.002000,0.003000,gyro
1786611600170000,0.100000,-9.800000,0.200000,accel
1786611600170000,0.001000,0.002000,0.003000,gyro
1786611600172000,0.100000,-9.800000,0.200000,accel
1786611600172000,0.001000,0.002000,0.003000,gyro
1786611600174000,0.100000,-9.800000,0.200000,accel
1786611600174000,0.001000,0.002000,0.003000,gyro
1786611600176000,0.100000,-9.800000,0.200000,accel
1786611600176000,0.001000,0.002000,0.003000,gyro
1786611600178000,0.100000,-9.800000,0.200000,accel
1786611600178000,0.001000,0.002000,0.003000,gyro
1786611600180000,0.100000,-9.800000,0.200000,accel
1786611600180000,0.001000,0.002000,0.003000,gyro
1786611600182000,0.100000,-9.800000,0.200000,accel
1786611600182000,0.001000,0.002000,0.003000,gyro
1786611600184000,0.100000,-9.800000,0.200000,accel
1786611600184000,0.001000,0.002000,0.003000,gyro
1786611600186000,0.100000,-9.800000,0.200000,accel
1786611600186000,0.001000,0.002000,0.003000,gyro
1786611600188000,0.100000,-9.800000,0.200000,accel
1786611600188000,0.001000,0.002000,0.003000,gyro
1786611600190000,0.100000,-9.800000,0.200000,accel
1786611600190000,0.001000,0.002000,0.003000,gyro
1786611600192000,0.100000,-9.800000,0.200000,accel
1786611600192000,0.001000,0.002000,0.003000,gyro
1786611600194000,0.100000,-9.800000,0.200000,accel
1786611600194000,0.001000,0.002000,0.003000,gyro
1786611600196000,0.100000,-9.800000,0.200000,accel
1786611600196000,0.001000,0.002000,0.003000,gyro
1786611600198000,0.100000,-9.800000,0.200000,accel
1786611600198000,0.001000,0.002000,0.003000,gyro
1786611600200000,0.100000,-9.800000,0.200000,accel
1786611600200000,0.001000,0.002000,0.003000,gyro
1786611600202000,0.100000,-9.800000,0.200000,accel
1786611600202000,0.001000,0.002000,0.003000,gyro
1786611600204000,0.100000,-9.800000,0.200000,accel
1786611600204000,0.001000,0.002000,0.003000,gyro
1786611600206000,0.100000,-9.800000,0.200000,accel
1786611600206000,0.001000,0.002000,0.003000,gyro
1786611600208000,0.100000,-9.800000,0.200000,accel
1786611600208000,0.001000,0.002000,0.003000,gyro
1786611600210000,0.100000,-9.800000,0.200000,accel
1786611600210000,0.001000,0.002000,0.003000,gyro
1786611600212000,0.100000,-9.800000,0.200000,accel
1786611600212000,0.001000,0.002000,0.003000,gyro
1786611600214000,0.100000,-9.800000,0.200000,accel
1786611600214000,0.001000,0.002000,0.003000,gyro
1786611600216000,0.100000,-9.800000,0.200000,accel
1786611600216000,0.001000,0.002000,0.003000,gyro
1786611600218000,0.100000,-9.800000,0.200000,accel
1786611600218000,0.001000,0.002000,0.003000,gyro
1786611600220000,0.100000,-9.800000,0.200000,accel
1786611600220000,0.001000,0.002000,0.003000,gyro
1786611600222000,0.100000,-9.800000,0.200000,accel
1786611600222000,0.001000,0.002000,0.003000,gyro
1786611600224000,0.100000,-9.800000,0.200000,accel
1786611600224000,0.001000,0.002000,0.003000,gyro
1786611600226000,0.100000,-9.800000,0.200000,accel
1786611600226000,0.001000,0.002000,0.003000,gyro
1786611600228000,0.100000,-9.800000,0.200000,accel
1786611600228000,0.001000,0.002000,0.003000,gyro
1786611600230000,0.100000,-9.800000,0.200000,accel
1786611600230000,0.001000,0.002000,0.003000,gyro
1786611600232000,0.100000,-9.800000,0.200000,accel
1786611600232000,0.001000,0.002000,0.003000,gyro
1786611600234000,0.100000,-9.800000,0.200000,accel
1786611600234000,0.001000,0.002000,0.003000,gyro
1786611600236000,0.100000,-9.800000,0.200000,accel
1786611600236000,0.001000,0.002000,0.003000,gyro
1786611600238000,0.100000,-9.800000,0.200000,accel
1786611600238000,0.001000,0.002000,0.003000,gyro
1786611600240000,0.100000,-9.800000,0.200000,accel
1786611600240000,0.001000,0.002000,0.003000,gyro
1786611600242000,0.100000,-9.800000,0.200000,accel
1786611600242000,0.001000,0.002000,0.003000,gyro
1786611600244000,0.100000,-9.800000,0.200000,accel
1786611600244000,0.001000,0.002000,0.003000,gyro
1786611600246000,0.100000,-9.800000,0.200000,accel
1786611600246000,0.001000,0.002000,0.003000,gyro
1786611600248000,0.100000,-9.800000,0.200000,accel
1786611600248000,0.001000,0.002000,0.003000,gyro
1786611600250000,0.100000,-9.800000,0.200000,accel
1786611600250000,0.001000,0.002000,0.003000,gyro
1786611600252000,0.100000,-9.800000,0.200000,accel
1786611600252000,0.001000,0.002000,0.003000,gyro
1786611600254000,0.100000,-9.800000,0.200000,accel
1786611600254000,0.001000,0.002000,0.003000,gyro
1786611600256000,0.100000,-9.800000,0.200000,accel
1786611600256000,0.001000,0.002000,0.003000,gyro
1786611600258000,0.100000,-9.800000,0.200000,accel
1786611600258000,0.001000,0.002000,0.003000,gyro
1786611600260000,0.100000,-9.800000,0.200000,accel
1786611600260000,0.001000,0.002000,0.003000,gyro
1786611600262000,0.100000,-9.800000,0.200000,accel
1786611600262000,0.001000,0.002000,0.003000,gyro
1786611600264000,0.100000,-9.800000,0.200000,accel
1786611600264000,0.001000,0.002000,0.003000,gyro
1786611600266000,0.100000,-9.800000,0.200000,accel
1786611600266000,0.001000,0.002000,0.003000,gyro
1786611600268000,0.100000,-9.800000,0.200000,accel
1786611600268000,0.001000,0.002000,0.003000,gyro
1786611600270000,0.100000,-9.800000,0.200000,accel
1786611600270000,0.001000,0.002000,0.003000,gyro
1786611600272000,0.100000,-9.800000,0.200000,accel
1786611600272000,0.001000,0.002000,0.003000,gyro
1786611600274000,0.100000,-9.800000,0.200000,accel
1786611600274000,0.001000,0.002000,0.003000,gyro
1786611600276000,0.100000,-9.800000,0.200000,accel
1786611600276000,0.001000,0.002000,0.003000,gyro
1786611600278000,0.100000,-9.800000,0.200000,accel
1786611600278000,0.001000,0.002000,0.003000,gyro
1786611600280000,0.100000,-9.800000,0.200000,accel
1786611600280000,0.001000,0.002000,0.003000,gyro
1786611600282000,0.100000,-9.800000,0.200000,accel
1786611600282000,0.001000,0.002000,0.003000,gyro
1786611600284000,0.100000,-9.800000,0.200000,accel
1786611600284000,0.001000,0.002000,0.003000,gyro
1786611600286000,0.100000,-9.800000,0.200000,accel
1786611600286000,0.001000,0.002000,0.003000,gyro
1786611600288000,0.100000,-9.800000,0.200000,accel
1786611600288000,0.001000,0.002000,0.003000,gyro
1786611600290000,0.100000,-9.800000,0.200000,accel
1786611600290000,0.001000,0.002000,0.003000,gyro
1786611600292000,0.100000,-9.800000,0.200000,accel
1786611600292000,0.001000,0.002000,0.003000,gyro
1786611600294000,0.100000,-9.800000,0.200000,accel
1786611600294000,0.001000,0.002000,0.003000,gyro
1786611600296000,0.100000,-9.800000,0.200000,accel
1786611600296000,0.001000,0.002000,0.003000,gyro
1786611600298000,0.100000,-9.800000,0.200000,accel
1786611600298000,0.001000,0.002000,0.003000,gyro
1786611600300000,0.100000,-9.800000,0.200000,accel
1786611600300000,0.001000,0.002000,0.003000,gyro
1786611600302000,0.100000,-9.800000,0.200000,accel
1786611600302000,0.001000,0.002000,0.003000,gyro
1786611600304000,0.100000,-9.800000,0.200000,accel
1786611600304000,0.001000,0.002000,0.003000,gyro
1786611600306000,0.100000,-9.800000,0.200000,accel
1786611600306000,0.001000,0.002000,0.003000,gyro
1786611600308000,0.100000,-9.800000,0.200000,accel
1786611600308000,0.001000,0.002000,0.003000,gyro
1786611600310000,0.100000,-9.800000,0.200000,accel
1786611600310000,0.001000,0.002000,0.003000,gyro
1786611600312000,0.100000,-9.800000,0.200000,accel
1786611600312000,0.001000,0.002000,0.003000,gyro
1786611600314000,0.100000,-9.800000,0.200000,accel
1786611600314000,0.001000,0.002000,0.003000,gyro
1786611600316000,0.100000,-9.800000,0.200000,accel
1786611600316000,0.001000,0.002000,0.003000,gyro
1786611600318000,0.100000,-9.800000,0.200000,accel
1786611600318000,0.001000,0.002000,0.003000,gyro
1786611600320000,0.100000,-9.800000,0.200000,accel
1786611600320000,0.001000,0.002000,0.003000,gyro
1786611600322000,0.100000,-9.800000,0.200000,accel
1786611600322000,0.001000,0.002000,0.003000,gyro
1786611600324000,0.100000,-9.800000,0.200000,accel
1786611600324000,0.001000,0.002000,0.003000,gyro
1786611600326000,0.100000,-9.800000,0.200000,accel
1786611600326000,0.001000,0.002000,0.003000,gyro
1786611600328000,0.100000,-9.800000,0.200000,accel
1786611600328000,0.001000,0.002000,0.003000,gyro
1786611600330000,0.100000,-9.800000,0.200000,accel
1786611600330000,0.001000,0.002000,0.003000,gyro
1786611600332000,0.100000,-9.800000,0.200000,accel
1786611600332000,0.001000,0.002000,0.003000,gyro
1786611600334000,0.100000,-9.800000,0.200000,accel
1786611600334000,0.001000,0.002000,0.003000,gyro
1786611600336000,0.100000,-9.800000,0.200000,accel
1786611600336000,0.001000,0.002000,0.003000,gyro
1786611600338000,0.100000,-9.800000,0.200000,accel
1786611600338000,0.001000,0.002000,0.003000,gyro
1786611600340000,0.100000,-9.800000,0.200000,accel
1786611600340000,0.001000,0.002000,0.003000,gyro
1786611600342000,0.100000,-9.800000,0.200000,accel
1786611600342000,0.001000,0.002000,0.003000,gyro
1786611600344000,0.100000,-9.800000,0.200000,accel
1786611600344000,0.001000,0.002000,0.003000,gyro
1786611600346000,0.100000,-9.800000,0.200000,accel
1786611600346000,0.001000,0.002000,0.003000,gyro
1786611600348000,0.100000,-9.800000,0.200000,accel
1786611600348000,0.001000,0.002000,0.003000,gyro
1786611600350000,0.100000,-9.800000,0.200000,accel
1786611600350000,0.001000,0.002000,0.003000,gyro
1786611600352000,0.100000,-9.800000,0.200000,accel
1786611600352000,0.001000,0.002000,0.003000,gyro
1786611600354000,0.100000,-9.800000,0.200000,accel
1786611600354000,0.001000,0.002000,0.003000,gyro
1786611600356000,0.100000,-9.800000,0.200000,accel
1786611600356000,0.001000,0.002000,0.003000,gyro
1786611600358000,0.100000,-9.800000,0.200000,accel
1786611600358000,0.001000,0.002000,0.003000,gyro
1786611600360000,0.100000,-9.800000,0.200000,accel
1786611600360000,0.001000,0.002000,0.003000,gyro
1786611600362000,0.100000,-9.800000,0.200000,accel
1786611600362000,0.001000,0.002000,0.003000,gyro
1786611600364000,0.100000,-9.800000,0.200000,accel
1786611600364000,0.001000,0.002000,0.003000,gyro
1786611600366000,0.100000,-9.800000,0.200000,accel
1786611600366000,0.001000,0.002000,0.003000,gyro
1786611600368000,0.100000,-9.800000,0.200000,accel
1786611600368000,0.001000,0.002000,0.003000,gyro
1786611600370000,0.100000,-9.800000,0.200000,accel
1786611600370000,0.001000,0.002000,0.003000,gyro
1786611600372000,0.100000,-9.800000,0.200000,accel
1786611600372000,0.001000,0.002000,0.003000,gyro
1786611600374000,0.100000,-9.800000,0.200000,accel
1786611600374000,0.001000,0.002000,0.003000,gyro
1786611600376000,0.100000,-9.800000,0.200000,accel
1786611600376000,0.001000,0.002000,0.003000,gyro
1786611600378000,0.100000,-9.800000,0.200000,accel
1786611600378000,0.001000,0.002000,0.003000,gyro
1786611600380000,0.100000,-9.800000,0.200000,accel
1786611600380000,0.001000,0.002000,0.003000,gyro
1786611600382000,0.100000,-9.800000,0.200000,accel
1786611600382000,0.001000,0.002000,0.003000,gyro
1786611600384000,0.100000,-9.800000,0.200000,accel
1786611600384000,0.001000,0.002000,0.003000,gyro
1786611600386000,0.100000,-9.800000,0.200000,accel
1786611600386000,0.001000,0.002000,0.003000,gyro
1786611600388000,0.100000,-9.800000,0.200000,accel
1786611600388000,0.001000,0.002000,0.003000,gyro
1786611600390000,0.100000,-9.800000,0.200000,accel
1786611600390000,0.001000,0.002000,0.003000,gyro
1786611600392000,0.100000,-9.800000,0.200000,accel
1786611600392000,0.001000,0.002000,0.003000,gyro
1786611600394000,0.100000,-9.800000,0.200000,accel
1786611600394000,0.001000,0.002000,0.003000,gyro
1786611600396000,0.100000,-9.800000,0.200000,accel
1786611600396000,0.001000,0.002000,0.003000,gyro
1786611600398000,0.100000,-9.800000,0.200000,accel
1786611600398000,0.001000,0.002000,0.003000,gyro
1786611600400000,0.100000,-9.800000,0.200000,accel
1786611600400000,0.001000,0.002000,0.003000,gyro
1786611600402000,0.100000,-9.800000,0.200000,accel
1786611600402000,0.001000,0.002000,0.003000,gyro
1786611600404000,0.100000,-9.800000,0.200000,accel
1786611600404000,0.001000,0.002000,0.003000,gyro
1786611600406000,0.100000,-9.800000,0.200000,accel
1786611600406000,0.001000,0.002000,0.003000,gyro
1786611600408000,0.100000,-9.800000,0.200000,accel
1786611600408000,0.001000,0.002000,0.003000,gyro
1786611600410000,0.100000,-9.800000,0.200000,accel
1786611600410000,0.001000,0.002000,0.003000,gyro
1786611600412000,0.100000,-9.800000,0.200000,accel
1786611600412000,0.001000,0.002000,0.003000,gyro
1786611600414000,0.100000,-9.800000,0.200000,accel
1786611600414000,0.001000,0.002000,0.003000,gyro
1786611600416000,0.100000,-9.800000,0.200000,accel
1786611600416000,0.001000,0.002000,0.003000,gyro
1786611600418000,0.100000,-9.800000,0.200000,accel
1786611600418000,0.001000,0.002000,0.003000,gyro
1786611600420000,0.100000,-9.800000,0.200000,accel
1786611600420000,0.001000,0.002000,0.003000,gyro
1786611600422000,0.100000,-9.800000,0.200000,accel
1786611600422000,0.001000,0.002000,0.003000,gyro
1786611600424000,0.100000,-9.800000,0.200000,accel
1786611600424000,0.001000,0.002000,0.003000,gyro
1786611600426000,0.100000,-9.800000,0.200000,accel
1786611600426000,0.001000,0.002000,0.003000,gyro
1786611600428000,0.100000,-9.800000,0.200000,accel
1786611600428000,0.001000,0.002000,0.003000,gyro
1786611600430000,0.100000,-9.800000,0.200000,accel
1786611600430000,0.001000,0.002000,0.003000,gyro
1786611600432000,0.100000,-9.800000,0.200000,accel
1786611600432000,0.001000,0.002000,0.003000,gyro
1786611600434000,0.100000,-9.800000,0.200000,accel
1786611600434000,0.001000,0.002000,0.003000,gyro
1786611600436000,0.100000,-9.800000,0.200000,accel
1786611600436000,0.001000,0.002000,0.003000,gyro
1786611600438000,0.100000,-9.800000,0.200000,accel
1786611600438000,0.001000,0.002000,0.003000,gyro
1786611600440000,0.100000,-9.800000,0.200000,accel
1786611600440000,0.001000,0.002000,0.003000,gyro
1786611600442000,0.100000,-9.800000,0.200000,accel
1786611600442000,0.001000,0.002000,0.003000,gyro
1786611600444000,0.100000,-9.800000,0.200000,accel
1786611600444000,0.001000,0.002000,0.003000,gyro
1786611600446000,0.100000,-9.800000,0.200000,accel
1786611600446000,0.001000,0.002000,0.003000,gyro
1786611600448000,0.100000,-9.800000,0.200000,accel
1786611600448000,0.001000,0.002000,0.003000,gyro
1786611600450000,0.100000,-9.800000,0.200000,accel
1786611600450000,0.001000,0.002000,0.003000,gyro
1786611600452000,0.100000,-9.800000,0.200000,accel
1786611600452000,0.001000,0.002000,0.003000,gyro
1786611600454000,0.100000,-9.800000,0.200000,accel
1786611600454000,0.001000,0.002000,0.003000,gyro
1786611600456000,0.100000,-9.800000,0.200000,accel
1786611600456000,0.001000,0.002000,0.003000,gyro
1786611600458000,0.100000,-9.800000,0.200000,accel
1786611600458000,0.001000,0.002000,0.003000,gyro
1786611600460000,0.100000,-9.800000,0.200000,accel
1786611600460000,0.001000,0.002000,0.003000,gyro
1786611600462000,0.100000,-9.800000,0.200000,accel
1786611600462000,0.001000,0.002000,0.003000,gyro
1786611600464000,0.100000,-9.800000,0.200000,accel
1786611600464000,0.001000,0.002000,0.003000,gyro
1786611600466000,0.100000,-9.800000,0.200000,accel
1786611600466000,0.001000,0.002000,0.003000,gyro
1786611600468000,0.100000,-9.800000,0.200000,accel
1786611600468000,0.001000,0.002000,0.003000,gyro
1786611600470000,0.100000,-9.800000,0.200000,accel
1786611600470000,0.001000,0.002000,0.003000,gyro
1786611600472000,0.100000,-9.800000,0.200000,accel
1786611600472000,0.001000,0.002000,0.003000,gyro
1786611600474000,0.100000,-9.800000,0.200000,accel
1786611600474000,0.001000,0.002000,0.003000,gyro
1786611600476000,0.100000,-9.800000,0.200000,accel
1786611600476000,0.001000,0.002000,0.003000,gyro
1786611600478000,0.100000,-9.800000,0.200000,accel
1786611600478000,0.001000,0.002000,0.003000,gyro
1786611600480000,0.100000,-9.800000,0.200000,accel
1786611600480000,0.001000,0.002000,0.003000,gyro
1786611600482000,0.100000,-9.800000,0.200000,accel
1786611600482000,0.001000,0.002000,0.003000,gyro
1786611600484000,0.100000,-9.800000,0.200000,accel
1786611600484000,0.001000,0.002000,0.003000,gyro
1786611600486000,0.100000,-9.800000,0.200000,accel
1786611600486000,0.001000,0.002000,0.003000,gyro
1786611600488000,0.100000,-9.800000,0.200000,accel
1786611600488000,0.001000,0.002000,0.003000,gyro
1786611600490000,0.100000,-9.800000,0.200000,accel
1786611600490000,0.001000,0.002000,0.003000,gyro
1786611600492000,0.100000,-9.800000,0.200000,accel
1786611600492000,0.001000,0.002000,0.003000,gyro
1786611600494000,0.100000,-9.800000,0.200000,accel
1786611600494000,0.001000,0.002000,0.003000,gyro
1786611600496000,0.100000,-9.800000,0.200000,accel
1786611600496000,0.001000,0.002000,0.003000,gyro
1786611600498000,0.100000,-9.800000,0.200000,accel
1786611600498000,0.001000,0.002000,0.003000,gyro
1786611600500000,0.100000,-9.800000,0.200000,accel
1786611600500000,0.001000,0.002000,0.003000,gyro
1786611600502000,0.100000,-9.800000,0.200000,accel
1786611600502000,0.001000,0.002000,0.003000,gyro
1786611600504000,0.100000,-9.800000,0.200000,accel
1786611600504000,0.001000,0.002000,0.003000,gyro
1786611600506000,0.100000,-9.800000,0.200000,accel
1786611600506000,0.001000,0.002000,0.003000,gyro
1786611600508000,0.100000,-9.800000,0.200000,accel
1786611600508000,0.001000,0.002000,0.003000,gyro
1786611600510000,0.100000,-9.800000,0.200000,accel
1786611600510000,0.001000,0.002000,0.003000,gyro
1786611600512000,0.100000,-9.800000,0.200000,accel
1786611600512000,0.001000,0.002000,0.003000,gyro
1786611600514000,0.100000,-9.800000,0.200000,accel
1786611600514000,0.001000,0.002000,0.003000,gyro
1786611600516000,0.100000,-9.800000,0.200000,accel
1786611600516000,0.001000,0.002000,0.003000,gyro
1786611600518000,0.100000,-9.800000,0.200000,accel
1786611600518000,0.001000,0.002000,0.003000,gyro
1786611600520000,0.100000,-9.800000,0.200000,accel
1786611600520000,0.001000,0.002000,0.003000,gyro
1786611600522000,0.100000,-9.800000,0.200000,accel
1786611600522000,0.001000,0.002000,0.003000,gyro
1786611600524000,0.100000,-9.800000,0.200000,accel
1786611600524000,0.001000,0.002000,0.003000,gyro
1786611600526000,0.100000,-9.800000,0.200000,accel
1786611600526000,0.001000,0.002000,0.003000,gyro
1786611600528000,0.100000,-9.800000,0.200000,accel
1786611600528000,0.001000,0.002000,0.003000,gyro
1786611600530000,0.100000,-9.800000,0.200000,accel
1786611600530000,0.001000,0.002000,0.003000,gyro
1786611600532000,0.100000,-9.800000,0.200000,accel
1786611600532000,0.001000,0.002000,0.003000,gyro
1786611600534000,0.100000,-9.800000,0.200000,accel
1786611600534000,0.001000,0.002000,0.003000,gyro
1786611600536000,0.100000,-9.800000,0.200000,accel
1786611600536000,0.001000,0.002000,0.003000,gyro
1786611600538000,0.100000,-9.800000,0.200000,accel
1786611600538000,0.001000,0.002000,0.003000,gyro
1786611600540000,0.100000,-9.800000,0.200000,accel
1786611600540000,0.001000,0.002000,0.003000,gyro
1786611600542000,0.100000,-9.800000,0.200000,accel
1786611600542000,0.001000,0.002000,0.003000,gyro
1786611600544000,0.100000,-9.800000,0.200000,accel
1786611600544000,0.001000,0.002000,0.003000,gyro
1786611600546000,0.100000,-9.800000,0.200000,accel
1786611600546000,0.001000,0.002000,0.003000,gyro
1786611600548000,0.100000,-9.800000,0.200000,accel
1786611600548000,0.001000,0.002000,0.003000,gyro
1786611600550000,0.100000,-9.800000,0.200000,accel
1786611600550000,0.001000,0.002000,0.003000,gyro
1786611600552000,0.100000,-9.800000,0.200000,accel
1786611600552000,0.001000,0.002000,0.003000,gyro
1786611600554000,0.100000,-9.800000,0.200000,accel
1786611600554000,0.001000,0.002000,0.003000,gyro
1786611600556000,0.100000,-9.800000,0.200000,accel
1786611600556000,0.001000,0.002000,0.003000,gyro
1786611600558000,0.100000,-9.800000,0.200000,accel
1786611600558000,0.001000,0.002000,0.003000,gyro
1786611600560000,0.100000,-9.800000,0.200000,accel
1786611600560000,0.001000,0.002000,0.003000,gyro
1786611600562000,0.100000,-9.800000,0.200000,accel
1786611600562000,0.001000,0.002000,0.003000,gyro
1786611600564000,0.100000,-9.800000,0.200000,accel
1786611600564000,0.001000,0.002000,0.003000,gyro
1786611600566000,0.100000,-9.800000,0.200000,accel
1786611600566000,0.001000,0.002000,0.003000,gyro
1786611600568000,0.100000,-9.800000,0.200000,accel
1786611600568000,0.001000,0.002000,0.003000,gyro
1786611600570000,0.100000,-9.800000,0.200000,accel
1786611600570000,0.001000,0.002000,0.003000,gyro
1786611600572000,0.100000,-9.800000,0.200000,accel
1786611600572000,0.001000,0.002000,0.003000,gyro
1786611600574000,0.100000,-9.800000,0.200000,accel
1786611600574000,0.001000,0.002000,0.003000,gyro
1786611600576000,0.100000,-9.800000,0.200000,accel
1786611600576000,0.001000,0.002000,0.003000,gyro
1786611600578000,0.100000,-9.800000,0.200000,accel
1786611600578000,0.001000,0.002000,0.003000,gyro
1786611600580000,0.100000,-9.800000,0.200000,accel
1786611600580000,0.001000,0.002000,0.003000,gyro
1786611600582000,0.100000,-9.800000,0.200000,accel
1786611600582000,0.001000,0.002000,0.003000,gyro
1786611600584000,0.100000,-9.800000,0.200000,accel
1786611600584000,0.001000,0.002000,0.003000,gyro
1786611600586000,0.100000,-9.800000,0.200000,accel
1786611600586000,0.001000,0.002000,0.003000,gyro
1786611600588000,0.100000,-9.800000,0.200000,accel
1786611600588000,0.001000,0.002000,0.003000,gyro
1786611600590000,0.100000,-9.800000,0.200000,accel
1786611600590000,0.001000,0.002000,0.003000,gyro
1786611600592000,0.100000,-9.800000,0.200000,accel
1786611600592000,0.001000,0.002000,0.003000,gyro
1786611600594000,0.100000,-9.800000,0.200000,accel
1786611600594000,0.001000,0.002000,0.003000,gyro
1786611600596000,0.100000,-9.800000,0.200000,accel
1786611600596000,0.001000,0.002000,0.003000,gyro
1786611600598000,0.100000,-9.800000,0.200000,accel
1786611600598000,0.001000,0.002000,0.003000,gyro
1786611600600000,0.100000,-9.800000,0.200000,accel
1786611600600000,0.001000,0.002000,0.003000,gyro
1786611600602000,0.100000,-9.800000,0.200000,accel
1786611600602000,0.001000,0.002000,0.003000,gyro
1786611600604000,0.100000,-9.800000,0.200000,accel
1786611600604000,0.001000,0.002000,0.003000,gyro
1786611600606000,0.100000,-9.800000,0.200000,accel
1786611600606000,0.001000,0.002000,0.003000,gyro
1786611600608000,0.100000,-9.800000,0.200000,accel
1786611600608000,0.001000,0.002000,0.003000,gyro
1786611600610000,0.100000,-9.800000,0.200000,accel
1786611600610000,0.001000,0.002000,0.003000,gyro
1786611600612000,0.100000,-9.800000,0.200000,accel
1786611600612000,0.001000,0.002000,0.003000,gyro
1786611600614000,0.100000,-9.800000,0.200000,accel
1786611600614000,0.001000,0.002000,0.003000,gyro
1786611600616000,0.100000,-9.800000,0.200000,accel
1786611600616000,0.001000,0.002000,0.003000,gyro
1786611600618000,0.100000,-9.800000,0.200000,accel
1786611600618000,0.001000,0.002000,0.003000,gyro
1786611600620000,0.100000,-9.800000,0.200000,accel
1786611600620000,0.001000,0.002000,0.003000,gyro
1786611600622000,0.100000,-9.800000,0.200000,accel
1786611600622000,0.001000,0.002000,0.003000,gyro
1786611600624000,0.100000,-9.800000,0.200000,accel
1786611600624000,0.001000,0.002000,0.003000,gyro
1786611600626000,0.100000,-9.800000,0.200000,accel
1786611600626000,0.001000,0.002000,0.003000,gyro
1786611600628000,0.100000,-9.800000,0.200000,accel
1786611600628000,0.001000,0.002000,0.003000,gyro
1786611600630000,0.100000,-9.800000,0.200000,accel
1786611600630000,0.001000,0.002000,0.003000,gyro
1786611600632000,0.100000,-9.800000,0.200000,accel
1786611600632000,0.001000,0.002000,0.003000,gyro
1786611600634000,0.100000,-9.800000,0.200000,accel
1786611600634000,0.001000,0.002000,0.003000,gyro
1786611600636000,0.100000,-9.800000,0.200000,accel
1786611600636000,0.001000,0.002000,0.003000,gyro
1786611600638000,0.100000,-9.800000,0.200000,accel
1786611600638000,0.001000,0.002000,0.003000,gyro
1786611600640000,0.100000,-9.800000,0.200000,accel
1786611600640000,0.001000,0.002000,0.003000,gyro
1786611600642000,0.100000,-9.800000,0.200000,accel
1786611600642000,0.001000,0.002000,0.003000,gyro
1786611600644000,0.100000,-9.800000,0.200000,accel
1786611600644000,0.001000,0.002000,0.003000,gyro
1786611600646000,0.100000,-9.800000,0.200000,accel
1786611600646000,0.001000,0.002000,0.003000,gyro
1786611600648000,0.100000,-9.800000,0.200000,accel
1786611600648000,0.001000,0.002000,0.003000,gyro
1786611600650000,0.100000,-9.800000,0.200000,accel
1786611600650000,0.001000,0.002000,0.003000,gyro
1786611600652000,0.100000,-9.800000,0.200000,accel
1786611600652000,0.001000,0.002000,0.003000,gyro
1786611600654000,0.100000,-9.800000,0.200000,accel
1786611600654000,0.001000,0.002000,0.003000,gyro
1786611600656000,0.100000,-9.800000,0.200000,accel
1786611600656000,0.001000,0.002000,0.003000,gyro
1786611600658000,0.100000,-9.800000,0.200000,accel
1786611600658000,0.001000,0.002000,0.003000,gyro
1786611600660000,0.100000,-9.800000,0.200000,accel
1786611600660000,0.001000,0.002000,0.003000,gyro
1786611600662000,0.100000,-9.800000,0.200000,accel
1786611600662000,0.001000,0.002000,0.003000,gyro
1786611600664000,0.100000,-9.800000,0.200000,accel
1786611600664000,0.001000,0.002000,0.003000,gyro
1786611600666000,0.100000,-9.800000,0.200000,accel
1786611600666000,0.001000,0.002000,0.003000,gyro
1786611600668000,0.100000,-9.800000,0.200000,accel
1786611600668000,0.001000,0.002000,0.003000,gyro
1786611600670000,0.100000,-9.800000,0.200000,accel
1786611600670000,0.001000,0.002000,0.003000,gyro
1786611600672000,0.100000,-9.800000,0.200000,accel
1786611600672000,0.001000,0.002000,0.003000,gyro
1786611600674000,0.100000,-9.800000,0.200000,accel
1786611600674000,0.001000,0.002000,0.003000,gyro
1786611600676000,0.100000,-9.800000,0.200000,accel
1786611600676000,0.001000,0.002000,0.003000,gyro
1786611600678000,0.100000,-9.800000,0.200000,accel
1786611600678000,0.001000,0.002000,0.003000,gyro
1786611600680000,0.100000,-9.800000,0.200000,accel
1786611600680000,0.001000,0.002000,0.003000,gyro
1786611600682000,0.100000,-9.800000,0.200000,accel
1786611600682000,0.001000,0.002000,0.003000,gyro
1786611600684000,0.100000,-9.800000,0.200000,accel
1786611600684000,0.001000,0.002000,0.003000,gyro
1786611600686000,0.100000,-9.800000,0.200000,accel
1786611600686000,0.001000,0.002000,0.003000,gyro
1786611600688000,0.100000,-9.800000,0.200000,accel
1786611600688000,0.001000,0.002000,0.003000,gyro
1786611600690000,0.100000,-9.800000,0.200000,accel
1786611600690000,0.001000,0.002000,0.003000,gyro
1786611600692000,0.100000,-9.800000,0.200000,accel
1786611600692000,0.001000,0.002000,0.003000,gyro
1786611600694000,0.100000,-9.800000,0.200000,accel
1786611600694000,0.001000,0.002000,0.003000,gyro
1786611600696000,0.100000,-9.800000,0.200000,accel
1786611600696000,0.001000,0.002000,0.003000,gyro
1786611600698000,0.100000,-9.800000,0.200000,accel
1786611600698000,0.001000,0.002000,0.003000,gyro
1786611600700000,0.100000,-9.800000,0.200000,accel
1786611600700000,0.001000,0.002000,0.003000,gyro
1786611600702000,0.100000,-9.800000,0.200000,accel
1786611600702000,0.001000,0.002000,0.003000,gyro
1786611600704000,0.100000,-9.800000,0.200000,accel
1786611600704000,0.001000,0.002000,0.003000,gyro
1786611600706000,0.100000,-9.800000,0.200000,accel
1786611600706000,0.001000,0.002000,0.003000,gyro
1786611600708000,0.100000,-9.800000,0.200000,accel
1786611600708000,0.001000,0.002000,0.003000,gyro
1786611600710000,0.100000,-9.800000,0.200000,accel
1786611600710000,0.001000,0.002000,0.003000,gyro
1786611600712000,0.100000,-9.800000,0.200000,accel
1786611600712000,0.001000,0.002000,0.003000,gyro
1786611600714000,0.100000,-9.800000,0.200000,accel
1786611600714000,0.001000,0.002000,0.003000,gyro
1786611600716000,0.100000,-9.800000,0.200000,accel
1786611600716000,0.001000,0.002000,0.003000,gyro
1786611600718000,0.100000,-9.800000,0.200000,accel
1786611600718000,0.001000,0.002000,0.003000,gyro
1786611600720000,0.100000,-9.800000,0.200000,accel
1786611600720000,0.001000,0.002000,0.003000,gyro
1786611600722000,0.100000,-9.800000,0.200000,accel
1786611600722000,0.001000,0.002000,0.003000,gyro
1786611600724000,0.100000,-9.800000,0.200000,accel
1786611600724000,0.001000,0.002000,0.003000,gyro
1786611600726000,0.100000,-9.800000,0.200000,accel
1786611600726000,0.001000,0.002000,0.003000,gyro
1786611600728000,0.100000,-9.800000,0.200000,accel
1786611600728000,0.001000,0.002000,0.003000,gyro
1786611600730000,0.100000,-9.800000,0.200000,accel
1786611600730000,0.001000,0.002000,0.003000,gyro
1786611600732000,0.100000,-9.800000,0.200000,accel
1786611600732000,0.001000,0.002000,0.003000,gyro
1786611600734000,0.100000,-9.800000,0.200000,accel
1786611600734000,0.001000,0.002000,0.003000,gyro
1786611600736000,0.100000,-9.800000,0.200000,accel
1786611600736000,0.001000,0.002000,0.003000,gyro
1786611600738000,0.100000,-9.800000,0.200000,accel
1786611600738000,0.001000,0.002000,0.003000,gyro
1786611600740000,0.100000,-9.800000,0.200000,accel
1786611600740000,0.001000,0.002000,0.003000,gyro
1786611600742000,0.100000,-9.800000,0.200000,accel
1786611600742000,0.001000,0.002000,0.003000,gyro
1786611600744000,0.100000,-9.800000,0.200000,accel
1786611600744000,0.001000,0.002000,0.003000,gyro
1786611600746000,0.100000,-9.800000,0.200000,accel
1786611600746000,0.001000,0.002000,0.003000,gyro
1786611600748000,0.100000,-9.800000,0.200000,accel
1786611600748000,0.001000,0.002000,0.003000,gyro
1786611600750000,0.100000,-9.800000,0.200000,accel
1786611600750000,0.001000,0.002000,0.003000,gyro
1786611600752000,0.100000,-9.800000,0.200000,accel
1786611600752000,0.001000,0.002000,0.003000,gyro
1786611600754000,0.100000,-9.800000,0.200000,accel
1786611600754000,0.001000,0.002000,0.003000,gyro
1786611600756000,0.100000,-9.800000,0.200000,accel
1786611600756000,0.001000,0.002000,0.003000,gyro
1786611600758000,0.100000,-9.800000,0.200000,accel
1786611600758000,0.001000,0.002000,0.003000,gyro
1786611600760000,0.100000,-9.800000,0.200000,accel
1786611600760000,0.001000,0.002000,0.003000,gyro
1786611600762000,0.100000,-9.800000,0.200000,accel
1786611600762000,0.001000,0.002000,0.003000,gyro
1786611600764000,0.100000,-9.800000,0.200000,accel
1786611600764000,0.001000,0.002000,0.003000,gyro
1786611600766000,0.100000,-9.800000,0.200000,accel
1786611600766000,0.001000,0.002000,0.003000,gyro
1786611600768000,0.100000,-9.800000,0.200000,accel
1786611600768000,0.001000,0.002000,0.003000,gyro
1786611600770000,0.100000,-9.800000,0.200000,accel
1786611600770000,0.001000,0.002000,0.003000,gyro
1786611600772000,0.100000,-9.800000,0.200000,accel
1786611600772000,0.001000,0.002000,0.003000,gyro
1786611600774000,0.100000,-9.800000,0.200000,accel
1786611600774000,0.001000,0.002000,0.003000,gyro
1786611600776000,0.100000,-9.800000,0.200000,accel
1786611600776000,0.001000,0.002000,0.003000,gyro
1786611600778000,0.100000,-9.800000,0.200000,accel
1786611600778000,0.001000,0.002000,0.003000,gyro
1786611600780000,0.100000,-9.800000,0.200000,accel
1786611600780000,0.001000,0.002000,0.003000,gyro
1786611600782000,0.100000,-9.800000,0.200000,accel
1786611600782000,0.001000,0.002000,0.003000,gyro
1786611600784000,0.100000,-9.800000,0.200000,accel
1786611600784000,0.001000,0.002000,0.003000,gyro
1786611600786000,0.100000,-9.800000,0.200000,accel
1786611600786000,0.001000,0.002000,0.003000,gyro
1786611600788000,0.100000,-9.800000,0.200000,accel
1786611600788000,0.001000,0.002000,0.003000,gyro
1786611600790000,0.100000,-9.800000,0.200000,accel
1786611600790000,0.001000,0.002000,0.003000,gyro
1786611600792000,0.100000,-9.800000,0.200000,accel
1786611600792000,0.001000,0.002000,0.003000,gyro
1786611600794000,0.100000,-9.800000,0.200000,accel
1786611600794000,0.001000,0.002000,0.003000,gyro
1786611600796000,0.100000,-9.800000,0.200000,accel
1786611600796000,0.001000,0.002000,0.003000,gyro
1786611600798000,0.100000,-9.800000,0.200000,accel
1786611600798000,0.001000,0.002000,0.003000,gyro
1786611600800000,0.100000,-9.800000,0.200000,accel
1786611600800000,0.001000,0.002000,0.003000,gyro
1786611600802000,0.100000,-9.800000,0.200000,accel
1786611600802000,0.001000,0.002000,0.003000,gyro
1786611600804000,0.100000,-9.800000,0.200000,accel
1786611600804000,0.001000,0.002000,0.003000,gyro
1786611600806000,0.100000,-9.800000,0.200000,accel
1786611600806000,0.001000,0.002000,0.003000,gyro
1786611600808000,0.100000,-9.800000,0.200000,accel
1786611600808000,0.001000,0.002000,0.003000,gyro
1786611600810000,0.100000,-9.800000,0.200000,accel
1786611600810000,0.001000,0.002000,0.003000,gyro
1786611600812000,0.100000,-9.800000,0.200000,accel
1786611600812000,0.001000,0.002000,0.003000,gyro
1786611600814000,0.100000,-9.800000,0.200000,accel
1786611600814000,0.001000,0.002000,0.003000,gyro
1786611600816000,0.100000,-9.800000,0.200000,accel
1786611600816000,0.001000,0.002000,0.003000,gyro
1786611600818000,0.100000,-9.800000,0.200000,accel
1786611600818000,0.001000,0.002000,0.003000,gyro
1786611600820000,0.100000,-9.800000,0.200000,accel
1786611600820000,0.001000,0.002000,0.003000,gyro
1786611600822000,0.100000,-9.800000,0.200000,accel
1786611600822000,0.001000,0.002000,0.003000,gyro
1786611600824000,0.100000,-9.800000,0.200000,accel
1786611600824000,0.001000,0.002000,0.003000,gyro
1786611600826000,0.100000,-9.800000,0.200000,accel
1786611600826000,0.001000,0.002000,0.003000,gyro
1786611600828000,0.100000,-9.800000,0.200000,accel
1786611600828000,0.001000,0.002000,0.003000,gyro
1786611600830000,0.100000,-9.800000,0.200000,accel
1786611600830000,0.001000,0.002000,0.003000,gyro
1786611600832000,0.100000,-9.800000,0.200000,accel
1786611600832000,0.001000,0.002000,0.003000,gyro
1786611600834000,0.100000,-9.800000,0.200000,accel
1786611600834000,0.001000,0.002000,0.003000,gyro
1786611600836000,0.100000,-9.800000,0.200000,accel
1786611600836000,0.001000,0.002000,0.003000,gyro
1786611600838000,0.100000,-9.800000,0.200000,accel
1786611600838000,0.001000,0.002000,0.003000,gyro
1786611600840000,0.100000,-9.800000,0.200000,accel
1786611600840000,0.001000,0.002000,0.003000,gyro
1786611600842000,0.100000,-9.800000,0.200000,accel
1786611600842000,0.001000,0.002000,0.003000,gyro
1786611600844000,0.100000,-9.800000,0.200000,accel
1786611600844000,0.001000,0.002000,0.003000,gyro
1786611600846000,0.100000,-9.800000,0.200000,accel
1786611600846000,0.001000,0.002000,0.003000,gyro
1786611600848000,0.100000,-9.800000,0.200000,accel
1786611600848000,0.001000,0.002000,0.003000,gyro
1786611600850000,0.100000,-9.800000,0.200000,accel
1786611600850000,0.001000,0.002000,0.003000,gyro
1786611600852000,0.100000,-9.800000,0.200000,accel
1786611600852000,0.001000,0.002000,0.003000,gyro
1786611600854000,0.100000,-9.800000,0.200000,accel
1786611600854000,0.001000,0.002000,0.003000,gyro
1786611600856000,0.100000,-9.800000,0.200000,accel
1786611600856000,0.001000,0.002000,0.003000,gyro
1786611600858000,0.100000,-9.800000,0.200000,accel
1786611600858000,0.001000,0.002000,0.003000,gyro
1786611600860000,0.100000,-9.800000,0.200000,accel
1786611600860000,0.001000,0.002000,0.003000,gyro
1786611600862000,0.100000,-9.800000,0.200000,accel
1786611600862000,0.001000,0.002000,0.003000,gyro
1786611600864000,0.100000,-9.800000,0.200000,accel
1786611600864000,0.001000,0.002000,0.003000,gyro
1786611600866000,0.100000,-9.800000,0.200000,accel
1786611600866000,0.001000,0.002000,0.003000,gyro
1786611600868000,0.100000,-9.800000,0.200000,accel
1786611600868000,0.001000,0.002000,0.003000,gyro
1786611600870000,0.100000,-9.800000,0.200000,accel
1786611600870000,0.001000,0.002000,0.003000,gyro
1786611600872000,0.100000,-9.800000,0.200000,accel
1786611600872000,0.001000,0.002000,0.003000,gyro
1786611600874000,0.100000,-9.800000,0.200000,accel
1786611600874000,0.001000,0.002000,0.003000,gyro
1786611600876000,0.100000,-9.800000,0.200000,accel
1786611600876000,0.001000,0.002000,0.003000,gyro
1786611600878000,0.100000,-9.800000,0.200000,accel
1786611600878000,0.001000,0.002000,0.003000,gyro
1786611600880000,0.100000,-9.800000,0.200000,accel
1786611600880000,0.001000,0.002000,0.003000,gyro
1786611600882000,0.100000,-9.800000,0.200000,accel
1786611600882000,0.001000,0.002000,0.003000,gyro
1786611600884000,0.100000,-9.800000,0.200000,accel
1786611600884000,0.001000,0.002000,0.003000,gyro
1786611600886000,0.100000,-9.800000,0.200000,accel
1786611600886000,0.001000,0.002000,0.003000,gyro
1786611600888000,0.100000,-9.800000,0.200000,accel
1786611600888000,0.001000,0.002000,0.003000,gyro
1786611600890000,0.100000,-9.800000,0.200000,accel
1786611600890000,0.001000,0.002000,0.003000,gyro
1786611600892000,0.100000,-9.800000,0.200000,accel
1786611600892000,0.001000,0.002000,0.003000,gyro
1786611600894000,0.100000,-9.800000,0.200000,accel
1786611600894000,0.001000,0.002000,0.003000,gyro
1786611600896000,0.100000,-9.800000,0.200000,accel
1786611600896000,0.001000,0.002000,0.003000,gyro
1786611600898000,0.100000,-9.800000,0.200000,accel
1786611600898000,0.001000,0.002000,0.003000,gyro
1786611600900000,0.100000,-9.800000,0.200000,accel
1786611600900000,0.001000,0.002000,0.003000,gyro
1786611600902000,0.100000,-9.800000,0.200000,accel
1786611600902000,0.001000,0.002000,0.003000,gyro
1786611600904000,0.100000,-9.800000,0.200000,accel
1786611600904000,0.001000,0.002000,0.003000,gyro
1786611600906000,0.100000,-9.800000,0.200000,accel
1786611600906000,0.001000,0.002000,0.003000,gyro
1786611600908000,0.100000,-9.800000,0.200000,accel
1786611600908000,0.001000,0.002000,0.003000,gyro
1786611600910000,0.100000,-9.800000,0.200000,accel
1786611600910000,0.001000,0.002000,0.003000,gyro
1786611600912000,0.100000,-9.800000,0.200000,accel
1786611600912000,0.001000,0.002000,0.003000,gyro
1786611600914000,0.100000,-9.800000,0.200000,accel
1786611600914000,0.001000,0.002000,0.003000,gyro
1786611600916000,0.100000,-9.800000,0.200000,accel
1786611600916000,0.001000,0.002000,0.003000,gyro
1786611600918000,0.100000,-9.800000,0.200000,accel
1786611600918000,0.001000,0.002000,0.003000,gyro
1786611600920000,0.100000,-9.800000,0.200000,accel
1786611600920000,0.001000,0.002000,0.003000,gyro
1786611600922000,0.100000,-9.800000,0.200000,accel
1786611600922000,0.001000,0.002000,0.003000,gyro
1786611600924000,0.100000,-9.800000,0.200000,accel
1786611600924000,0.001000,0.002000,0.003000,gyro
1786611600926000,0.100000,-9.800000,0.200000,accel
1786611600926000,0.001000,0.002000,0.003000,gyro
1786611600928000,0.100000,-9.800000,0.200000,accel
1786611600928000,0.001000,0.002000,0.003000,gyro
1786611600930000,0.100000,-9.800000,0.200000,accel
1786611600930000,0.001000,0.002000,0.003000,gyro
1786611600932000,0.100000,-9.800000,0.200000,accel
1786611600932000,0.001000,0.002000,0.003000,gyro
1786611600934000,0.100000,-9.800000,0.200000,accel
1786611600934000,0.001000,0.002000,0.003000,gyro
1786611600936000,0.100000,-9.800000,0.200000,accel
1786611600936000,0.001000,0.002000,0.003000,gyro
1786611600938000,0.100000,-9.800000,0.200000,accel
1786611600938000,0.001000,0.002000,0.003000,gyro
1786611600940000,0.100000,-9.800000,0.200000,accel
1786611600940000,0.001000,0.002000,0.003000,gyro
1786611600942000,0.100000,-9.800000,0.200000,accel
1786611600942000,0.001000,0.002000,0.003000,gyro
1786611600944000,0.100000,-9.800000,0.200000,accel
1786611600944000,0.001000,0.002000,0.003000,gyro
1786611600946000,0.100000,-9.800000,0.200000,accel
1786611600946000,0.001000,0.002000,0.003000,gyro
1786611600948000,0.100000,-9.800000,0.200000,accel
1786611600948000,0.001000,0.002000,0.003000,gyro
1786611600950000,0.100000,-9.800000,0.200000,accel
1786611600950000,0.001000,0.002000,0.003000,gyro
1786611600952000,0.100000,-9.800000,0.200000,accel
1786611600952000,0.001000,0.002000,0.003000,gyro
1786611600954000,0.100000,-9.800000,0.200000,accel
1786611600954000,0.001000,0.002000,0.003000,gyro
1786611600956000,0.100000,-9.800000,0.200000,accel
1786611600956000,0.001000,0.002000,0.003000,gyro
1786611600958000,0.100000,-9.800000,0.200000,accel
1786611600958000,0.001000,0.002000,0.003000,gyro
1786611600960000,0.100000,-9.800000,0.200000,accel
1786611600960000,0.001000,0.002000,0.003000,gyro
1786611600962000,0.100000,-9.800000,0.200000,accel
1786611600962000,0.001000,0.002000,0.003000,gyro
1786611600964000,0.100000,-9.800000,0.200000,accel
1786611600964000,0.001000,0.002000,0.003000,gyro
1786611600966000,0.100000,-9.800000,0.200000,accel
1786611600966000,0.001000,0.002000,0.003000,gyro
1786611600968000,0.100000,-9.800000,0.200000,accel
1786611600968000,0.001000,0.002000,0.003000,gyro
1786611600970000,0.100000,-9.800000,0.200000,accel
1786611600970000,0.001000,0.002000,0.003000,gyro
1786611600972000,0.100000,-9.800000,0.200000,accel
1786611600972000,0.001000,0.002000,0.003000,gyro
1786611600974000,0.100000,-9.800000,0.200000,accel
1786611600974000,0.001000,0.002000,0.003000,gyro
1786611600976000,0.100000,-9.800000,0.200000,accel
1786611600976000,0.001000,0.002000,0.003000,gyro
1786611600978000,0.100000,-9.800000,0.200000,accel
1786611600978000,0.001000,0.002000,0.003000,gyro
1786611600980000,0.100000,-9.800000,0.200000,accel
1786611600980000,0.001000,0.002000,0.003000,gyro
1786611600982000,0.100000,-9.800000,0.200000,accel
1786611600982000,0.001000,0.002000,0.003000,gyro
1786611600984000,0.100000,-9.800000,0.200000,accel
1786611600984000,0.001000,0.002000,0.003000,gyro
1786611600986000,0.100000,-9.800000,0.200000,accel
1786611600986000,0.001000,0.002000,0.003000,gyro
1786611600988000,0.100000,-9.800000,0.200000,accel
1786611600988000,0.001000,0.002000,0.003000,gyro
1786611600990000,0.100000,-9.800000,0.200000,accel
1786611600990000,0.001000,0.002000,0.003000,gyro
1786611600992000,0.100000,-9.800000,0.200000,accel
1786611600992000,0.001000,0.002000,0.003000,gyro
1786611600994000,0.100000,-9.800000,0.200000,accel
1786611600994000,0.001000,0.002000,0.003000,gyro
1786611600996000,0.100000,-9.800000,0.200000,accel
1786611600996000,0.001000,0.002000,0.003000,gyro
1786611600998000,0.100000,-9.800000,0.200000,accel
1786611600998000,0.001000,0.002000,0.003000,gyro
1786611601000000,0.100000,-9.800000,0.200000,accel
1786611601000000,0.001000,0.002000,0.003000,gyro
1786611601002000,0.100000,-9.800000,0.200000,accel
1786611601002000,0.001000,0.002000,0.003000,gyro
1786611601004000,0.100000,-9.800000,0.200000,accel
1786611601004000,0.001000,0.002000,0.003000,gyro
1786611601006000,0.100000,-9.800000,0.200000,accel
1786611601006000,0.001000,0.002000,0.003000,gyro
1786611601008000,0.100000,-9.800000,0.200000,accel
1786611601008000,0.001000,0.002000,0.003000,gyro
1786611601010000,0.100000,-9.800000,0.200000,accel
1786611601010000,0.001000,0.002000,0.003000,gyro
1786611601012000,0.100000,-9.800000,0.200000,accel
1786611601012000,0.001000,0.002000,0.003000,gyro
1786611601014000,0.100000,-9.800000,0.200000,accel
1786611601014000,0.001000,0.002000,0.003000,gyro
1786611601016000,0.100000,-9.800000,0.200000,accel
1786611601016000,0.001000,0.002000,0.003000,gyro
1786611601018000,0.100000,-9.800000,0.200000,accel
1786611601018000,0.001000,0.002000,0.003000,gyro
1786611601020000,0.100000,-9.800000,0.200000,accel
1786611601020000,0.001000,0.002000,0.003000,gyro
1786611601022000,0.100000,-9.800000,0.200000,accel
1786611601022000,0.001000,0.002000,0.003000,gyro
1786611601024000,0.100000,-9.800000,0.200000,accel
1786611601024000,0.001000,0.002000,0.003000,gyro
1786611601026000,0.100000,-9.800000,0.200000,accel
1786611601026000,0.001000,0.002000,0.003000,gyro
1786611601028000,0.100000,-9.800000,0.200000,accel
1786611601028000,0.001000,0.002000,0.003000,gyro
1786611601030000,0.100000,-9.800000,0.200000,accel
1786611601030000,0.001000,0.002000,0.003000,gyro
1786611601032000,0.100000,-9.800000,0.200000,accel
1786611601032000,0.001000,0.002000,0.003000,gyro
1786611601034000,0.100000,-9.800000,0.200000,accel
1786611601034000,0.001000,0.002000,0.003000,gyro
1786611601036000,0.100000,-9.800000,0.200000,accel
1786611601036000,0.001000,0.002000,0.003000,gyro
1786611601038000,0.100000,-9.800000,0.200000,accel
1786611601038000,0.001000,0.002000,0.003000,gyro
1786611601040000,0.100000,-9.800000,0.200000,accel
1786611601040000,0.001000,0.002000,0.003000,gyro
1786611601042000,0.100000,-9.800000,0.200000,accel
1786611601042000,0.001000,0.002000,0.003000,gyro
1786611601044000,0.100000,-9.800000,0.200000,accel
1786611601044000,0.001000,0.002000,0.003000,gyro
1786611601046000,0.100000,-9.800000,0.200000,accel
1786611601046000,0.001000,0.002000,0.003000,gyro
1786611601048000,0.100000,-9.800000,0.200000,accel
1786611601048000,0.001000,0.002000,0.003000,gyro
1786611601050000,0.100000,-9.800000,0.200000,accel
1786611601050000,0.001000,0.002000,0.003000,gyro
1786611601052000,0.100000,-9.800000,0.200000,accel
1786611601052000,0.001000,0.002000,0.003000,gyro
1786611601054000,0.100000,-9.800000,0.200000,accel
1786611601054000,0.001000,0.002000,0.003000,gyro
1786611601056000,0.100000,-9.800000,0.200000,accel
1786611601056000,0.001000,0.002000,0.003000,gyro
1786611601058000,0.100000,-9.800000,0.200000,accel
1786611601058000,0.001000,0.002000,0.003000,gyro
1786611601060000,0.100000,-9.800000,0.200000,accel
1786611601060000,0.001000,0.002000,0.003000,gyro
1786611601062000,0.100000,-9.800000,0.200000,accel
1786611601062000,0.001000,0.002000,0.003000,gyro
1786611601064000,0.100000,-9.800000,0.200000,accel
1786611601064000,0.001000,0.002000,0.003000,gyro
1786611601066000,0.100000,-9.800000,0.200000,accel
1786611601066000,0.001000,0.002000,0.003000,gyro
1786611601068000,0.100000,-9.800000,0.200000,accel
1786611601068000,0.001000,0.002000,0.003000,gyro
1786611601070000,0.100000,-9.800000,0.200000,accel
1786611601070000,0.001000,0.002000,0.003000,gyro
1786611601072000,0.100000,-9.800000,0.200000,accel
1786611601072000,0.001000,0.002000,0.003000,gyro
1786611601074000,0.100000,-9.800000,0.200000,accel
1786611601074000,0.001000,0.002000,0.003000,gyro
1786611601076000,0.100000,-9.800000,0.200000,accel
1786611601076000,0.001000,0.002000,0.003000,gyro
1786611601078000,0.100000,-9.800000,0.200000,accel
1786611601078000,0.001000,0.002000,0.003000,gyro
1786611601080000,0.100000,-9.800000,0.200000,accel
1786611601080000,0.001000,0.002000,0.003000,gyro
1786611601082000,0.100000,-9.800000,0.200000,accel
1786611601082000,0.001000,0.002000,0.003000,gyro
1786611601084000,0.100000,-9.800000,0.200000,accel
1786611601084000,0.001000,0.002000,0.003000,gyro
1786611601086000,0.100000,-9.800000,0.200000,accel
1786611601086000,0.001000,0.002000,0.003000,gyro
1786611601088000,0.100000,-9.800000,0.200000,accel
1786611601088000,0.001000,0.002000,0.003000,gyro
1786611601090000,0.100000,-9.800000,0.200000,accel
1786611601090000,0.001000,0.002000,0.003000,gyro
1786611601092000,0.100000,-9.800000,0.200000,accel
1786611601092000,0.001000,0.002000,0.003000,gyro
1786611601094000,0.100000,-9.800000,0.200000,accel
1786611601094000,0.001000,0.002000,0.003000,gyro
1786611601096000,0.100000,-9.800000,0.200000,accel
1786611601096000,0.001000,0.002000,0.003000,gyro
1786611601098000,0.100000,-9.800000,0.200000,accel
1786611601098000,0.001000,0.002000,0.003000,gyro
1786611601100000,0.100000,-9.800000,0.200000,accel
1786611601100000,0.001000,0.002000,0.003000,gyro
1786611601102000,0.100000,-9.800000,0.200000,accel
1786611601102000,0.001000,0.002000,0.003000,gyro
1786611601104000,0.100000,-9.800000,0.200000,accel
1786611601104000,0.001000,0.002000,0.003000,gyro
1786611601106000,0.100000,-9.800000,0.200000,accel
1786611601106000,0.001000,0.002000,0.003000,gyro
1786611601108000,0.100000,-9.800000,0.200000,accel
1786611601108000,0.001000,0.002000,0.003000,gyro
1786611601110000,0.100000,-9.800000,0.200000,accel
1786611601110000,0.001000,0.002000,0.003000,gyro
1786611601112000,0.100000,-9.800000,0.200000,accel
1786611601112000,0.001000,0.002000,0.003000,gyro
1786611601114000,0.100000,-9.800000,0.200000,accel
1786611601114000,0.001000,0.002000,0.003000,gyro
1786611601116000,0.100000,-9.800000,0.200000,accel
1786611601116000,0.001000,0.002000,0.003000,gyro
1786611601118000,0.100000,-9.800000,0.200000,accel
1786611601118000,0.001000,0.002000,0.003000,gyro
1786611601120000,0.100000,-9.800000,0.200000,accel
1786611601120000,0.001000,0.002000,0.003000,gyro
1786611601122000,0.100000,-9.800000,0.200000,accel
1786611601122000,0.001000,0.002000,0.003000,gyro
1786611601124000,0.100000,-9.800000,0.200000,accel
1786611601124000,0.001000,0.002000,0.003000,gyro
1786611601126000,0.100000,-9.800000,0.200000,accel
1786611601126000,0.001000,0.002000,0.003000,gyro
1786611601128000,0.100000,-9.800000,0.200000,accel
1786611601128000,0.001000,0.002000,0.003000,gyro
1786611601130000,0.100000,-9.800000,0.200000,accel
1786611601130000,0.001000,0.002000,0.003000,gyro
1786611601132000,0.100000,-9.800000,0.200000,accel
1786611601132000,0.001000,0.002000,0.003000,gyro
1786611601134000,0.100000,-9.800000,0.200000,accel
1786611601134000,0.001000,0.002000,0.003000,gyro
1786611601136000,0.100000,-9.800000,0.200000,accel
1786611601136000,0.001000,0.002000,0.003000,gyro
1786611601138000,0.100000,-9.800000,0.200000,accel
1786611601138000,0.001000,0.002000,0.003000,gyro
1786611601140000,0.100000,-9.800000,0.200000,accel
1786611601140000,0.001000,0.002000,0.003000,gyro
1786611601142000,0.100000,-9.800000,0.200000,accel
1786611601142000,0.001000,0.002000,0.003000,gyro
1786611601144000,0.100000,-9.800000,0.200000,accel
1786611601144000,0.001000,0.002000,0.003000,gyro
1786611601146000,0.100000,-9.800000,0.200000,accel
1786611601146000,0.001000,0.002000,0.003000,gyro
1786611601148000,0.100000,-9.800000,0.200000,accel
1786611601148000,0.001000,0.002000,0.003000,gyro
1786611601150000,0.100000,-9.800000,0.200000,accel
1786611601150000,0.001000,0.002000,0.003000,gyro
1786611601152000,0.100000,-9.800000,0.200000,accel
1786611601152000,0.001000,0.002000,0.003000,gyro
1786611601154000,0.100000,-9.800000,0.200000,accel
1786611601154000,0.001000,0.002000,0.003000,gyro
1786611601156000,0.100000,-9.800000,0.200000,accel
1786611601156000,0.001000,0.002000,0.003000,gyro
1786611601158000,0.100000,-9.800000,0.200000,accel
1786611601158000,0.001000,0.002000,0.003000,gyro
1786611601160000,0.100000,-9.800000,0.200000,accel
1786611601160000,0.001000,0.002000,0.003000,gyro
1786611601162000,0.100000,-9.800000,0.200000,accel
1786611601162000,0.001000,0.002000,0.003000,gyro
1786611601164000,0.100000,-9.800000,0.200000,accel
1786611601164000,0.001000,0.002000,0.003000,gyro
1786611601166000,0.100000,-9.800000,0.200000,accel
1786611601166000,0.001000,0.002000,0.003000,gyro
1786611601168000,0.100000,-9.800000,0.200000,accel
1786611601168000,0.001000,0.002000,0.003000,gyro
1786611601170000,0.100000,-9.800000,0.200000,accel
1786611601170000,0.001000,0.002000,0.003000,gyro
1786611601172000,0.100000,-9.800000,0.200000,accel
1786611601172000,0.001000,0.002000,0.003000,gyro
1786611601174000,0.100000,-9.800000,0.200000,accel
1786611601174000,0.001000,0.002000,0.003000,gyro
1786611601176000,0.100000,-9.800000,0.200000,accel
1786611601176000,0.001000,0.002000,0.003000,gyro
1786611601178000,0.100000,-9.800000,0.200000,accel
1786611601178000,0.001000,0.002000,0.003000,gyro
1786611601180000,0.100000,-9.800000,0.200000,accel
1786611601180000,0.001000,0.002000,0.003000,gyro
1786611601182000,0.100000,-9.800000,0.200000,accel
1786611601182000,0.001000,0.002000,0.003000,gyro
1786611601184000,0.100000,-9.800000,0.200000,accel
1786611601184000,0.001000,0.002000,0.003000,gyro
1786611601186000,0.100000,-9.800000,0.200000,accel
1786611601186000,0.001000,0.002000,0.003000,gyro
1786611601188000,0.100000,-9.800000,0.200000,accel
1786611601188000,0.001000,0.002000,0.003000,gyro
1786611601190000,0.100000,-9.800000,0.200000,accel
1786611601190000,0.001000,0.002000,0.003000,gyro
1786611601192000,0.100000,-9.800000,0.200000,accel
1786611601192000,0.001000,0.002000,0.003000,gyro
1786611601194000,0.100000,-9.800000,0.200000,accel
1786611601194000,0.001000,0.002000,0.003000,gyro
1786611601196000,0.100000,-9.800000,0.200000,accel
1786611601196000,0.001000,0.002000,0.003000,gyro
1786611601198000,0.100000,-9.800000,0.200000,accel
1786611601198000,0.001000,0.002000,0.003000,gyro
1786611601200000,0.100000,-9.800000,0.200000,accel
1786611601200000,0.001000,0.002000,0.003000,gyro
1786611601202000,0.100000,-9.800000,0.200000,accel
1786611601202000,0.001000,0.002000,0.003000,gyro
1786611601204000,0.100000,-9.800000,0.200000,accel
1786611601204000,0.001000,0.002000,0.003000,gyro
1786611601206000,0.100000,-9.800000,0.200000,accel
1786611601206000,0.001000,0.002000,0.003000,gyro
1786611601208000,0.100000,-9.800000,0.200000,accel
1786611601208000,0.001000,0.002000,0.003000,gyro
1786611601210000,0.100000,-9.800000,0.200000,accel
1786611601210000,0.001000,0.002000,0.003000,gyro
1786611601212000,0.100000,-9.800000,0.200000,accel
1786611601212000,0.001000,0.002000,0.003000,gyro
1786611601214000,0.100000,-9.800000,0.200000,accel
1786611601214000,0.001000,0.002000,0.003000,gyro
1786611601216000,0.100000,-9.800000,0.200000,accel
1786611601216000,0.001000,0.002000,0.003000,gyro
1786611601218000,0.100000,-9.800000,0.200000,accel
1786611601218000,0.001000,0.002000,0.003000,gyro
1786611601220000,0.100000,-9.800000,0.200000,accel
1786611601220000,0.001000,0.002000,0.003000,gyro
1786611601222000,0.100000,-9.800000,0.200000,accel
1786611601222000,0.001000,0.002000,0.003000,gyro
1786611601224000,0.100000,-9.800000,0.200000,accel
1786611601224000,0.001000,0.002000,0.003000,gyro
1786611601226000,0.100000,-9.800000,0.200000,accel
1786611601226000,0.001000,0.002000,0.003000,gyro
1786611601228000,0.100000,-9.800000,0.200000,accel
1786611601228000,0.001000,0.002000,0.003000,gyro
1786611601230000,0.100000,-9.800000,0.200000,accel
1786611601230000,0.001000,0.002000,0.003000,gyro
1786611601232000,0.100000,-9.800000,0.200000,accel
1786611601232000,0.001000,0.002000,0.003000,gyro
1786611601234000,0.100000,-9.800000,0.200000,accel
1786611601234000,0.001000,0.002000,0.003000,gyro
1786611601236000,0.100000,-9.800000,0.200000,accel
1786611601236000,0.001000,0.002000,0.003000,gyro
1786611601238000,0.100000,-9.800000,0.200000,accel
1786611601238000,0.001000,0.002000,0.003000,gyro
1786611601240000,0.100000,-9.800000,0.200000,accel
1786611601240000,0.001000,0.002000,0.003000,gyro
1786611601242000,0.100000,-9.800000,0.200000,accel
1786611601242000,0.001000,0.002000,0.003000,gyro
1786611601244000,0.100000,-9.800000,0.200000,accel
1786611601244000,0.001000,0.002000,0.003000,gyro
1786611601246000,0.100000,-9.800000,0.200000,accel
1786611601246000,0.001000,0.002000,0.003000,gyro
1786611601248000,0.100000,-9.800000,0.200000,accel
1786611601248000,0.001000,0.002000,0.003000,gyro
1786611601250000,0.100000,-9.800000,0.200000,accel
1786611601250000,0.001000,0.002000,0.003000,gyro
1786611601252000,0.100000,-9.800000,0.200000,accel
1786611601252000,0.001000,0.002000,0.003000,gyro
1786611601254000,0.100000,-9.800000,0.200000,accel
1786611601254000,0.001000,0.002000,0.003000,gyro
1786611601256000,0.100000,-9.800000,0.200000,accel
1786611601256000,0.001000,0.002000,0.003000,gyro
1786611601258000,0.100000,-9.800000,0.200000,accel
1786611601258000,0.001000,0.002000,0.003000,gyro
1786611601260000,0.100000,-9.800000,0.200000,accel
1786611601260000,0.001000,0.002000,0.003000,gyro
1786611601262000,0.100000,-9.800000,0.200000,accel
1786611601262000,0.001000,0.002000,0.003000,gyro
1786611601264000,0.100000,-9.800000,0.200000,accel
1786611601264000,0.001000,0.002000,0.003000,gyro
1786611601266000,0.100000,-9.800000,0.200000,accel
1786611601266000,0.001000,0.002000,0.003000,gyro
